,Time,Headline,Symbol,Source
0,5 min,"Ripple, Like Circle, Seeks a Bank Charter. The Crypto Companies' Applications May Be a Slam Dunk.",['CRCL'],Barrons.com
1,9 min,VS Media Holdings Limited Regains Compliance with Nasdaq Continued Listing Standards,VSME,GlobeNewswire
2,9 min,Garuda's $10 Billion Comeback? Airline in Surprise Talks for Massive Boeing Deal,BA,GuruFocus.com
3,12 min,CoreWeave Is First to Deploy Nvidia Blackwell Ultra GPUs. Dell Is Providing the Servers.,"['CRWV', 'DELL']",Barrons.com
4,14 min,QEDMA raises $26M with participation from IBM to tackle quantum computing errors and accelerate pace to quantum advantage,IBM,PR Newswire
5,15 min,Summit Therapeutics stock rises after report of potential $15B AstraZeneca deal,['AZN'],Investing.com
6,16 min,"BofA Reiterates Buy Rating on Adobe Stock, Keeps PT at $475",ADBE,Insider Monkey
7,16 min,NICE Ltd. to Offer its CXone Mpower to Enhance TalkTalk's Connectivity Business,NICE,Insider Monkey
8,16 min,Dell Technologies Partners With Lowe to Provide Its AI and PC Technology Solutions,DELL,Insider Monkey
9,16 min,"Rosenblatt Securities Raises Micron's Price Target to Street-High of $200, Reiterates Buy Rating",MU,Insider Monkey
10,16 min,"Jefferies Lowers PT on Alibaba Stock to $153, Maintains Buy Rating",BABA,Insider Monkey
11,16 min,Shutterstock Unveils Its New Brand Identity With AI-Powered Offerings,SSTK,Insider Monkey
12,16 min,"Jefferies Increases PT on Verint Systems Stock to $23, Keeps Hold Rating",VRNT,Insider Monkey
13,16 min,Stagwell's Consulum Launches Maydan Sports With Its Partners,STGW,Insider Monkey
14,16 min,Bit Digital Announces Its Transition to a Pure-Play Ethereum Staking Firm,['BTBT'],Insider Monkey
15,16 min,"HIVE Digital Technologies' AI Cloud Earnings Tripled, Here Is What You Should Know?",HIVE,Insider Monkey
16,17 min,/C O R R E C T I O N -- Clark Atlanta University/,IBM,PR Newswire
17,20 min,"Jousting For Honors: This Investing Stock Eyes Entry, Competes With Robinhood Amid 33% Rally",HOOD,Investor's Business Daily
18,20 min,"Jousting For Honors: This Investing Stock Eyes Entry, Competes With Robinhood Amid 33% Rally",HLI,Investor's Business Daily
19,22 min,Cintas Corporation Announces Webcast for Fourth Quarter Fiscal Year 2025 Results,CTAS,Business Wire
20,23 min,"Oil Is Gushing in These 3 Countries. Who Loves Trumps Drill, Baby, Drill",SHEL,Barrons.com
21,23 min,"Meta, FedEx, Oracle: Trending Tickers","['ORCL', 'FDX', 'UPS', 'FB']",Yahoo Finance Video
22,26 min,"'I Still Feel Responsibility,' Says Ex-Apple Executive Sir Jony Ive, Pledging to Fix Tech's Harms With $6.4 Billion AI Device",AAPL,Benzinga
23,27 min,Why Occidental's Price Dip Signals a Buying Opportunity,"['JPM', 'BRK-A']",MarketBeat
24,29 min,"Circle Internet Group (CRCL): ""The Firm That Brought It Public, Says It hould Be At 80!"" Says Jim Cramer",['CRCL'],Insider Monkey
25,32 min,Why Plains All American Pipeline Jumped Nearly 11% in June,['PAA'],Motley Fool
26,34 min,Lifeway Foods Comments on Edward and Ludmila Smolyansky's Consent Solicitation and Urges Shareholders to Disregard the Unlawful Consent Solicitation Statement,LWAY,PR Newswire
27,37 min,What You Need To Know Ahead of Amphenol's Earnings Release,APH,Barchart
28,39 min,Teslas Q2 Deliveries Were Not as Bad as Feared. Does That Mean You Should Buy TSLA Stock?,TSLA,Barchart
29,39 min,UiPath Names Romanian Olympic Swimming Champion David Popovici as Global Ambassador,PATH,Business Wire
30,43 min,S&P Global US Services PMI stays in expansion territory at 52.9,SPGI,CNBC TV
31,44 min,"AB to Report Second Quarter 2025 Results on July 24, 2025",AB,PR Newswire
32,46 min,"Hut 8 secures five-year power contracts in Ontario, Canada",HUT,Power Technology
33,49 min,Nvidia set to become world's most valuable company in history,"['NVDA', 'MSFT', 'AMZN', 'FB', 'TSLA']",Reuters
34,49 min,Nvidia set to become world's most valuable company in history,META,Reuters
35,49 min,Nvidia set to become world's most valuable company in history,AAPL,Reuters
36,49 min,CrowdStrike Stock Hits Record High as Wedbush Calls It Industry 'Gold Standard',CRWD,Investopedia
37,49 min,"Form 8.3 - American Axle & Manufacturing Holdings, Inc.",AXL,Business Wire
38,49 min,Form 8.3 - Mural Oncology plc,MURA,Business Wire
39,51 min,Jobs Shock Crashes Rate Cut Hopes--What It Means for Tesla and the Market,TSLA,GuruFocus.com
40,51 min,Lucid Posts Record Deliveries. The EV Maker Is Having a Big Year.,"['LCID', '+6.32%', 'RIVN']",Barrons.com
41,52 min,Google Hit With $314M Verdict Over Android Data Practices,['GOOGL'],GuruFocus.com
42,53 min,"Delta Stock Rallies Off Lows Ahead Of Earnings; Byrna Technologies, AZZ Also On The Calendar",['BYRN'],Investor's Business Daily
43,54 min,Why Nebius Group Rocketed 50.6% in June,"['CRWV', 'NVDA']",Motley Fool
44,54 min,Bond Traders Scrap Bets on July Rate Cut After Strong Jobs Data,['BLK'],Bloomberg
45,56 min,"Restaurant stocks, Biglari/Jack in the Box, egg surcharges",JACK,Nation's Restaurant News
46,56 min,"Delta Stock Rallies Off Lows Ahead Of Earnings; Byrna Technologies, AZZ Also On The Calendar",['AEHR'],Investor's Business Daily
47,56 min,Coinbase Buys Up Token Management Specialist Liquifi. How Should You Play COIN Stock Here?,COIN,Barchart
48,57 min,Tesla Stock Is Rising on Deliveries. Theres a Problem.,TSLA,Barrons.com
49,57 min,What Makes Robinhood Markets (HOOD) an Attractive Investment?,HOOD,Insider Monkey
50,58 min,What to Know About the Black Boxes Recovered From Boeing Air India Crash,BA,Barrons.com
51,59 min,Robotaxis: Fad or Future?,"['LYFT', 'UBER', 'WRD', 'MBLY', 'TSLA']",Motley Fool
52,59 min,"4D Imaging Radar Market worth $1,206.9 million by 2030 - Exclusive Report by MarketsandMarkets",TSLA,PR Newswire
53,59 min,"Eastern Bankshares, Inc. Announces Second Quarter 2025 Earnings Release Date, Conference Call and Webcast",EBC,Business Wire
54,1 hour,Krispy Kreme Finance Chief Jeremiah Ashukian Leaving,['DNUT'],The Wall Street Journal
55,1 hour,Will ICON PLC (ICLR) Benefit from R&D Spending?,ICLR,Insider Monkey
56,1 hour,3M Announces Upcoming Investor Event,MMM,PR Newswire
57,1 hour,Parnassus Mid Cap Growth Fund Added Builders FirstSource (BLDR) on a Dip,BLDR,Insider Monkey
58,1 hour,"Datadog, Synopsys & Cadence, TripAdvisor: Trending Tickers","['TRIP', '+17.44%', 'DDOG', '+13.45%', 'CDNS', 'SNPS', 'HPE']",Yahoo Finance Video
59,1 hour,Micron's Big Q3 Drives Applied Materials' Bullish Outlook,['MU'],MarketBeat
60,1 hour,Krispy Kreme Announces New CFO Amid Struggles,['DNUT'],Investopedia
61,1 hour,West Pharmaceutical Services (WST) Fell on Lowered Guidance,WST,Insider Monkey
62,1 hour,Tesla's German car sales continue to fall in June,TSLA,Reuters Videos
63,1 hour,Apple iPhone Sales Grow in China for First Time Since 2023 on Promotions,AAPL,Investopedia
64,1 hour,One Chinese Stock Shares These Two Honors With Palantir Plus One Of Its Own,ATAT,Investor's Business Daily
65,1 hour,Prologis Stock Rises 10.3% in Three Months: Will the Trend Last?,"['VICI', 'WPC']",Zacks
66,1 hour,"IBKR Stock Gains on Higher June DARTs: Should You Buy, Hold, or Sell?","['IBKR', 'SCHW']",Zacks
67,1 hour,'He's Alienated The Wrong People' Scott Galloway Blames Musk's Politics For Tesla's Fall From 8th To 95th In U.S. Brand Rankings,TSLA,Benzinga
68,1 hour,"Citi names DuPont top chemicals pick, sees earnings support from electronics, FX",DD,Investing.com
69,1 hour,Geospatial Imagery Analytics Market worth $18.55 billion by 2030- Exclusive Report by MarketsandMarkets,"['PL', '+10.10%', 'IBM', 'ORCL']",PR Newswire
70,1 hour,How To Invest: What Is Base Counting And How Can It Help You Manage Your Investing Risk?,SPOT,Investor's Business Daily
71,1 hour,Delta Air Lines (DAL) Expected to Beat Earnings Estimates: What to Know Ahead of Q2 Release,DAL,Zacks
72,1 hour,Simply Good Foods (SMPL) Reports Next Week: Wall Street Expects Earnings Growth,SMPL,Zacks
73,1 hour,"Nurix Therapeutics, Inc. (NRIX) Expected to Beat Earnings Estimates: What to Know Ahead of Q2 Release",NRIX,Zacks
74,1 hour,Analysts Estimate Byrna Technologies Inc. (BYRN) to Report a Decline in Earnings: What to Look Out for,BYRN,Zacks
75,1 hour,Analysts Estimate Conagra Brands (CAG) to Report a Decline in Earnings: What to Look Out for,CAG,Zacks
76,1 hour,"Assembly Launches 'Assembly Control' to Elevate Brand Safety, Suitability, and Campaign Performance in Programmatic Media",STGW,PR Newswire
77,1 hour,"Gaming and Leisure Properties, Inc. Schedules Second Quarter 2025 Earnings Release and Conference Call",GLPI,GlobeNewswire
78,1 hour,This Tech Giant Now Claims Artificial Intelligence Is Doing Up to 50% of Its Work,CRM,Motley Fool
79,1 hour,Best Momentum Stocks to Buy for July 3rd,['STNG'],Zacks
80,1 hour,ETFs to Tap July 4 Spending and Travel Trends,"['AWAY', 'BEDZ', 'JETS', 'RTH']",Zacks
81,1 hour,The Arbitrage Consultants Promising Risk-Free Sports Betting,META,The Wall Street Journal
82,1 hour,Writer CEO May Habib to take the AI Stage at TechCrunch Disrupt 2025,"['UBER', 'INTU']",TechCrunch
83,1 hour,"Cadence, Synopsys Jump After China Export Curbs Lifted","['CDNS', 'SNPS']",Investor's Business Daily
84,1 hour,"UMH Highlights Solid Q2 Performance, Expands in Maryland Market","['UMH', 'ELME']",Zacks
85,1 hour,MO Strengthens on! Brand: Can it Sustain Momentum in Nicotine Pouches?,"['PM', 'TPB']",Zacks
86,1 hour,Nvidia Stock Today: 3 Things Keeping the Rally Going,"['NVDA', 'AVGO', 'QCOM']",Barrons.com
87,1 hour,Should You Buy Hancock Whitney (HWC) After Golden Cross?,HWC,Zacks
88,1 hour,UBS (UBS)'s Technical Outlook is Bright After Key Golden Cross,UBS,Zacks
89,1 hour,Should You Buy Ionis Pharmaceuticals (IONS) After Golden Cross?,IONS,Zacks
